plant,bakery,deli&chilled foods,fruit&vegetables,meat,seafood,baby care,baking&cooking,biscuits&crackers,breakfast foods,canned&prepared foods,"Chocolate,Sweets&Snacks",Cleaning&Homecare,Clothing&Manchester,Drinks-Hot&Cold,Frozen Foods,Health&Wellness,Home&Kitchenware,Liquor-Beer&Cider,Liquor-Wine,Meal Ingredients,Office&Entertainment,Personal Care,Pet Care,Toys&Party Needs,pharmacy
beech forest,california quail,okarito brown kiwi,banded dotterel,pycroft's petrel,red-billed gull,ruddy turnstone,atlantic yellow-nosed mollymawk,black kite,common greenshank,black-faced cuckoo-shrike,eyles' harrier,enright's duck,lee's parrot,eyres skink,maud island frog,schist gecko,maui dolphin,weta,flathead galaxias,frill shark,basking shark,pacific spookfish,costelytra zealandica,asian lady beetle,lampona murina
cabbage tree,helmeted guineafowl,southern brown kiwi,wrybill,broad-billed prion,black noddy,pacific golden plover,sooty albatross,white-bellied sea eagle,marsh sandpiper,white-winged triller,haast's eagle ,new zealand palaelodus,st bathans owlet-nightjar,falla's skink,mccann's skink,scree skink,hector's dolphin,freshwater zooplankton,galaxiidae,sharpnose sevengill shark,great white shark/mackerel sharks,dark ghost shark,neocicindela tuberculata,vine weevil,dolomedes schauinslandi
chatham island christmas tree,chukor,great spotted kiwi,shore plover,antarctic prion,black-fronted dotterel,south polar skua,northern fulmar,nankeen kestrel,lesser yellowlegs,masked woodswallow,north island adzebill,maxwell's penguin,st bathans swiftlet,fiordland skink,mcgregor's skink,shore skink,killer whale/orca,bullies ,giant bully,sixgill shark,mako,chimaera,pyronota festiva,stenotus binotatus,garden orweb spider
chatham island forget-me-not,brown quail,blue duck,black-billed gull,fairy prion,grey noddy,pomarine skua,antarctic petrel,unidentified crane,terek sandpiper,white-browed woodswallow,south island adzebill,waitaki penguin,st bathans wren,forest gecko,minimac gecko,short-toed gecko,bottlenose dolphin,freshwater eels,giant kokopu,broadnose sevengill shark,porbeagle shark,hydrolagus ghost sharks,megadromus antarcticus,kikihia scutellaris ,trite auricoma 
chatham island plants,common pheasant,auckland island teal,white tern,fulmar prion,sooty tern,arctic skua,providence petrel,corncrake,grey phalarope,dusky woodswallow,dieffenbach's rail,grebneff's penguin,alborn skink,glossy brown skink,moko skink,sinbad skink,dusky dolphin,lamprey,goldfish,bramble shark,carpet shark/cat sharks,leatherback turtle,clitarchus hookeri,cleobora mellyi,cambridgea foliata
coastal cress,peafowl,grey duck,fairy tern,westland petrel,white-fronted tern,long-tailed skua,herald petrel,australian crake,red-necked phalarope,willie wagtail,chatham island rail,mannering's penguin,anatoki gecko,goldstripe gecko,mokohinau gecko,slight skink,common dolphin,mudfish,gollum galaxias ,prickly shark,dawson's cat shark,green turtle,eleven-spotted ladybird ,amphipsalta cingulata,cryptachaea gigantipes
dactylanthus,wild turkey,australasian crested grebe,caspian tern,grey petrel,antarctic tern,little tern,phoenix petrel,black-tailed native-hen,wilson's phalarope,satin flycatcher,snipe-rail,waipara penguin,aorangi skink,grand skink,muriwai gecko,small-eared skink,pilot whales,non-migratory galaxiids,grass carp,mandarin dogfish,mcmillan's cat shark,loggerhead turtle,geodorcus helmsi,amphipsalta strepitans,stiphidion facetum
new zealand ferns,mute swan,eastern rockhopper penguin,black-fronted tern,wedge-tailed shearwater,kaka,white-winged black tern,juan fernandez petrel,common moorhen,painted snipe,black-faced monarch,hawkins' rail,bice's penguin,archey's frog,green and golden bell frog,narrow-bodied skink,small-scaled skink,new zealand sea lion,smelt,grayling,spiny dogfish,slender smoothhound shark/false cat sharks,hawksbill turtle,varied carpet beetle,tradescantia leaf beetle,anoteropsis hilaris 
freshwater algae,cape barren goose,fiordland crested penguin,chatham island pigeon,buller's shearwater,red-crowned parakeet,arctic tern,stejneger's petrel,dusky moorhen,red-necked avocet,magpie-lark,hodgens' waterhen,huxley's penguin,auckland green gecko,green skink,nevis skink,south marlborough grass skink,new zealand fur seal,torrentfish,grey mullet,northern spiny dogfish,school shark/hound sharks,olive ridley turtle,dermestes maculatus ,devil's coach horse beetle,yellow admiral
golden sand sedge/pikao/pingao,greylag goose,yellow-eyed penguin,kakapo,sooty shearwater,antipodes island parakeet,australian wood duck,collared petrel,japanese snipe,american golden plover,australian reed warbler,north island takahe,marples' penguin,aupouri green gecko,green turtle,newman's speckled skink,south marlborough spotted skink,leaopard seal,whitebait,inanga,leafscale gulper shark,rig shark,pond slider ,deinacrida mahoenui,drymaplaneta semivtta ,new zealand red admiral
harakeke/flax,canada goose,antipodean albatross,kea,fluttering shearwater,reischek's parakeet,australasian little grebe,bulwer's petrel,great knot,grey plover,fairy martin,new zealand coot,new zealand giant penguin,aurora frog,grey valley skink,ngahere gecko,southern alps gecko,elephant seal,alpine galaxias,koaro,shovelnose dogfish,grey reef shark/requiem or whaler sharks,spotted black grouper ,hemiandrus pallitarsis,cormocephalus rubriceps,pea blue 
kakabeak/ngutukaka,mallard,grey-headed mollymawk,orange-fronted parakeet,little shearwater,long-tailed cuckoo,indian ocean yellow-nosed mollymawk,tahiti petrel,sanderling,semipalmated plover,tree martin,chatham island coot,simpson's penguin,awakopaka skink,hamilton's frog,north otago skink,southern bell frog,blue whales,atlantic salmon,koi carp,longsnout dogfish,bronze whaler ,blue cod,blosyropus spinosus,new zealand grasshopper,forest ringlet 
kauri,rock pigeon,campbell black-browed mollymawk,forbe's parakeet,subantarctic littler shearwater,north island kokako,black-browed mollymawk,cory's shearwater,dunlin,red-capped plover,upland moa,north island snipe,wide-flippered penguin,barking gecko,hardy's skink,northern grass skink,southern grass skink,humpback whales,australian longfin eel,longfin eel,southern lantern shark,silky shark,arripis trutta,hemideina maori,caedicia simplex ,lycaena rauparaha
kettle hole plants,barbary dove,salvin's mollymawk,rock wren,grey-backed storm petrel,north island saddleback,nankeen night heron,streaked shearwater,curlew sandpiper,lesser sand plover,little bush moa,south island snipe,amies' penguin,barrier skink,harlequin gecko ,northern great barrier island swimming frog,southern marbled skink,southern right whales,banded kokopu,longjaw galaxias,lucifer dogfish,galapagos shark,orange roughly ,cook strait giant weta,cryptolaemus montrouzieri,lycaena boldenarum
kowhai,spotted dove,chatham island taiko,stitchbird,white-faced storm petrel,south island saddleback,glossy ibis,pink-footed shearwater,stilt sandpiper,greater sand plover,heavy-footed moa,forbes' snipe,lowe's penguin,big bay skink,hauraki skink,northern spotted skink,southern skink,sperm whales,bignose galaxias,lowland longjaw galaxias,moller's lantern shark,tiger shark,john dory,new zealand mantis,octochaetus multiporus,lycaena feredayi
lancewood/horoeka,sulphur-crested cockatoo,chatham petrel,black robin,common diving petrel,chatham island warbler,brown noddy,great shearwater,pectoral sandpiper,oriental dotterel,mantell's moa,chatham island kaka,duntroon penguin,black-eyed gecko,hawke's bay skink,northern striped gecko,southern striped gecko,rough-toothed dolphin,black flounder,mackinaw,smooth lantern shark,blue shark,hapuku,south african mantis,lumbricus rubellus,percnodaimon 
leonohebe cupressoides/fragrant hebe,galah,black petrel,north island brown kiwi,red-tailed tropicbird,whitehead,barn owl,christmas island shearwater,baird's sandpiper,red-kneed dotterel,crested moa,laughing owl,lopdells' penguin,blue tongue skink,hawksbill turtle,northland green gecko,speckled skink,beaked whale,black mudfish,mosquitofish,portugese dogfish,hammerhead shark,thyrsites atun,paropsis charybdis,eisenia fetida ,zizina otis 
manuka/kahikatoa and kanuka,crimson rosella,flesh-footed shearwater,little spotted kiwi,black shag,yellowhead,plumed whistling duck,newell's shearwater,white-rumped sandpiper,oriental pratincole,eastern moa,new zealand owlet-nightjar,oliver's penguin,broad-cheeked gecko,hochstetter's frog,northland skink,starred gecko,southern right whale dolphin,bluegill bully,northland mudfish,longnose velvet dogfish,blind electric ray /sleeper rays,red gurnard,asian long-horned beetle,aporrectodea caliginosa,blue moon butterfly
matagouri/ wild irishman,eastern rosella,hutton's shearwater,brown teal,pied shag,north island robin,pink-eared duck,manx shearwater,little stint,pacific gull,stout-legged moa,bush wren,harris' penguin,brown lipped sea krait,hokitika skink,okuru skink,stewart island green skink,risso's dophin,brook char,orfe,largespine velvet dogfish,oval electric ray,giant grouper ,thelyphassa lineata,new zealand flatworm,lycaena salustius
mistletoe,little owl,kermadec storm petrel,new zealand dabchick,little black shag,south island robin,chestnut-breasted shelduck,leach's storm petrel,long-toed stint,laughing gull,north island giant moa,lyall's wren,ridgen's penguin,brown tree frog,italian alpine newt,olive ridley turtle,striped skink,bryde's whale,brown mudfish,other poeciliidae,owston's dogfish,electric ray/torpedo rays,turbot,auckland tree weta ,allolobophora chlorotica,erebiola butleri
mount cook buttercup,laughing kookaburra,new zealand storm petrel,snares crested penguin,stewart island shag,fernbird,chestnut teal,white-tailed tropicbird,least sandpiper,franklin's gull,south island giant moa,north island stout-legged wren,tyree's penguin,burgan skink,jewelled gecko,open bay islands gecko,takitimu gecko,false killer whale,brown trout,perch,plunket's shark,longtail skate/softnose skates ,saddletail grouper,scolopterus penicillatus,spenceriella gigantea,argyrophenga antipodum
nikau palm,australian magpie,white-bellied storm petrel,erect-cresteed penguin,bounty island shag,new zealand pipit,northern pintail,australian pelican,semipalmated sandpiper,grey-backed tern,new zealnd quail,south island stout-legged wren,moisley's penguin,canterbury grass skink,kahurangi gecko,ornate skink,taumaka skink,spectacled porpoise,canterbury galaxias,poeciliidae,whitetail dogfish,richardson's skate,skipjack tuna,megadromus capito,giant gippsland earthworm,australian painted lady
olearia hectorii/hectors tree daisy,rook,south georgian diving petrel,little penguin,royal spoonbill,wandering albatross,northern shoveler,cape gannet,western sandpiper,bridled tern,north island goose,long-billed wren,love's paleocene seabird,canterbury spotted skink,kaikouras gecko,otago green skink,tautuku gecko,sei whale,canterbury mudfish,rainbow trout,sherwoood's dogfish,longnose deepsea skate,new zealand prat,bruchus pisorum,microscolex phosphoreus,zizina labradus 
pittosporum patulum,eurasian skylark,masked booby,southern royal albatross, new zealand falcon,southern giant petrel,australian white-eyed duck,red-footed booby,broad-billed sandpiper,gull-billed tern,south island goose,huia,alastair's albatross,cascades gecko,kawarau gecko,otago skink,te kakahu skink,hourglass dolphin,catfish,redfin bully,knifetooth dogfish,smooth deepsea skate,butterfly perch,dendroblax earlii,eiseniella tetraedra,magpie moth 
podocarp-hardwood forests,eurasian blackbird,new zealand king shag,northern royal albatross,auckland island rail,antarctic fulmar,hoary-headed grebe,brown booby,buff-breasted sandpiper,whiskered tern,scarlett's duck,north island piopio,miocene diving petrel,chathams skink,kawekaweau,pacific gecko,te paki gecko,pygmy sperm whale,chatham mudfish,roundhead galaxias,pacific sleeper shark,prickly deepsea skate,atlantic wreckfish,seashore earwig,dendrodrilus rubidus,puriri moth
pohutukawa,song thrush,chatham island shag,buller's mollymawk,banded rail,kerguelen petrel,emperor penguin,darter,ruff,common tern,new zealand blue-billed duck,south island piopio,miocene false-toothed pelican,chesterfield skink,korero gecko,plague skink,three kings gecko,minke whale ,chinook salmon,rudd,little sleeper shark,deepsea skates ,notolabrus fucicola,teleogryllus commodus,pontodrilus litoralis,declana floccosa
rata,common starling,auckland island shag,white-capped mollymawk,spotless crake,gould's petrel,king penguin,great frigatebird,asiatic dowitcher,crested tern,new zealand musk duck,chatham island bellbird,bird of unknown affinities,chevron skink,kupe skink,poor knights gecko,taurara,fin whale,common bully,salmonidae,velvet dogfish,smooth skate,epigonus telescopus,phoracantha semipunctata,microscolex dubius chestnut worm,austrocidaria similata
shrubby tororaro,common myna,pitt island shag,chatham island mollymawk,marsh crake,blue petrel,adelie penguin,lesser frigatebird,eastern curlew,rose-crowned fruit-dove,auckland island merganser,new zealand raven,st bathans heron,cloudy gecko,lakes skink,pygmy gecko,waiharakeke grass skink,striped dolphin,common smelt,shortfin eel,rough sharks/prickly dogfish,rough skate,spotty,chorus cicada,allolobophora caliginosa,epiphryne verriculata
wetland forests,hosue sparrow,white heron,light-mantled sooty albatross,australian coot,salvin's prion,gentoo penguin,grey heron,little whimbrel,oriental cuckoo,chatham island merganser,chatham island raven,bartle's bittern,cobble skink,leatherback turtle,rangitata skink,waitaha gecko,pygmy right whale,crans bully,shortjaw kokopu,kitefin sharls/seal shark,shorttail stingray,northern red snapper,passionvine hopper,aporrectodea trapezoides,pseudocoremia suavis
rimu,dunnock,reef heron,northern giant petrel,snares island snipe,thin-billed prion,chinstrap penguin,pacific heron,bristle-thighed curlew,pallid cuckoo,finsch's duck,chatham island fernbird,st bathans adzebill,common snake-necked turtle,loggerhead turtle,raukawa gecko,waitomo frog,crayfish,carps,silver carp,pygmy shark,longtail stingray,big-scale pomfret,australian spider beetle,katipo,wiseana cervinata
flax,chaffinch,australian bittern,cape petrel,subantarctic snipe,short-tailed shearwater,western rockhopper penguin,plumed egret,black-tailed godwit,fan-tailed cuckoo,chatham island duck,st bathans kiwi,fleming's rail,copper skink,long-toed skink,red-eared turtle,west coast green gecko,flax snail,dart goby,sockeye salmon,cookiecutter shark,pelagic stingray,red moki,conoderus exsul,porrhothele antipodiana,gellonia dejectaria
totara,european greenfinch,south island takahe,kermadec petrel,bar-tailed godwit,wilson's storm petrel,moseley's rockhopper penguin,little egret,hudsonian godwit,channel-billed cuckoo,chatham island crested penguin,manuherikia duck,sansom's plover,crenulate skink,mackenzie basin spotted skink,roamatimati skink,westport skink,freshwater invertebrates,dusky galaxias ,stokells smelt,port jackson shark/bullhead sharks,eagle ray,bluefin gurnard,coccinella leonina,black-headed jumping spider,rhapsa scotosialis
kahikatea,european goldfinch,chatham island snipe,soft-plumaged petrel,variable oystercatcher,cattle egret,macaroni penguin,little bittern,upland sandpiper,white-throated needletail,waitaha penguin,minute manuherikia duck,new zealand lake-wanderer,cryptic skink,marbled skink,robust skink,whirinaki skink,kauri snail,dwarf galaxias,tarndale bully,whale sharks,spinetail devil ray/manta rays,blue antimora ,tansy ragwort flea beetle,black cobweb spider,bityla defigurata
new zealand flax,common redpoll,lesser knot,mottled petrel,south island pied oystercatcher,sharp-tailed sandpiper,royal penguin,white ibis,wandering tattler,fork-tailed swift,imber's petrel,douglas' duck,st bathans pigeon,cupola gecko,marham's frog,rough gecko,whitaker's skink,new zealand peripatus,dwarf inanga,tench,sand tiger sharks,elephant fish,scaly gurnard,western conifer seed bug,nurseryweb spider,orthoclydon praefectata
kunzea ericoides,yellowhammer,chatham island oystercatcher,white-naped petrel,new zealand dotterel,red-necked stint,black-footed albatross,straw-necked ibis,grey-tailed tattler,dollarbird,scarlett's shearwater,johnstones' duck,little st bathans parrot,duvaucel's gecko,marlborough green gecko,roys peak gecko,yellow-bellied sea-snake,powelliphanta snail,eldons galaxias ,upland bully,goblin sharks,smallspine spookfish,new zealand demoiselle,steelblue ladybird ,spelungula cavernicola ,graphania lignana
kawakawa,cirl bunting,black stilt,cook's petrel,subantarctic skua,whimbrel,laysan albatross,yellow-billed spoonbill,common sandpiper,red wattlebird,new zealand little bittern,st bathans shelduck,merton's parrot,egg-laying skink,matapia gecko,saint-giron's sea krait,yellow-lipped sea krait,protected coral species,estuarine triplefin,yelloweyed mullet,big-eye thresher/thresher sharks,longnoose spookfish,huhu beetle,aridaeus thoracicus,hexathele hochstetteri,graphania plena
southern rata,,,,,,,,,,,,,,,,,,,,,,,,,
mousehole tree,,,,,,,,,,,,,,,,,,,,,,,,,
matai,,,,,,,,,,,,,,,,,,,,,,,,,
whiteywood,,,,,,,,,,,,,,,,,,,,,,,,,
karaka,,,,,,,,,,,,,,,,,,,,,,,,,
metrosideros robusta,,,,,,,,,,,,,,,,,,,,,,,,,
tree fuchsia,,,,,,,,,,,,,,,,,,,,,,,,,
kohekohe,,,,,,,,,,,,,,,,,,,,,,,,,
new zealand broadleaf,,,,,,,,,,,,,,,,,,,,,,,,,
mingimingi,,,,,,,,,,,,,,,,,,,,,,,,,
nothofagus menziesii,,,,,,,,,,,,,,,,,,,,,,,,,
five finger,,,,,,,,,,,,,,,,,,,,,,,,,
titoki,,,,,,,,,,,,,,,,,,,,,,,,,
wineberry,,,,,,,,,,,,,,,,,,,,,,,,,
hopbush,,,,,,,,,,,,,,,,,,,,,,,,,
kohuhu,,,,,,,,,,,,,,,,,,,,,,,,,
miro,,,,,,,,,,,,,,,,,,,,,,,,,
rewarewa,,,,,,,,,,,,,,,,,,,,,,,,,
mirror bush,,,,,,,,,,,,,,,,,,,,,,,,,
kamahi,,,,,,,,,,,,,,,,,,,,,,,,,
black beech,,,,,,,,,,,,,,,,,,,,,,,,,
nothofagus fusca,,,,,,,,,,,,,,,,,,,,,,,,,
red matipo,,,,,,,,,,,,,,,,,,,,,,,,,
solanum aviculare,,,,,,,,,,,,,,,,,,,,,,,,,
karo,,,,,,,,,,,,,,,,,,,,,,,,,
beilschmiedia tarairi,,,,,,,,,,,,,,,,,,,,,,,,,
lemonwood,,,,,,,,,,,,,,,,,,,,,,,,,
phyllocladus trichomanoides,,,,,,,,,,,,,,,,,,,,,,,,,
marbleleaf,,,,,,,,,,,,,,,,,,,,,,,,,
kauri dieback,,,,,,,,,,,,,,,,,,,,,,,,,
mountain horopito,,,,,,,,,,,,,,,,,,,,,,,,,
beilschmiedia tawa,,,,,,,,,,,,,,,,,,,,,,,,,